_id,Year_Month,Card_type,Line,Trip
1,May-2019,Adult,Sydney Metro,219429.0
2,May-2019,CTP,Sydney Metro,7887.0
3,May-2019,Child/Youth,Sydney Metro,6186.0
4,May-2019,Concession,Sydney Metro,19058.0
5,May-2019,Day Pass without SAF,Sydney Metro,5.0
6,May-2019,Employee,Sydney Metro,3142.0
7,May-2019,Free Travel,Sydney Metro,333.0
8,May-2019,School Student,Sydney Metro,13436.0
9,May-2019,Senior/Pensioner,Sydney Metro,24600.0
10,May-2019,Sgl Trip Rail Adult,Sydney Metro,1696.0
11,May-2019,Sgl Trip Rail Child/Youth,Sydney Metro,332.0
12,Jun-2019,Adult,Sydney Metro,1144461.0
13,Jun-2019,CTP,Sydney Metro,34882.0
14,Jun-2019,Child/Youth,Sydney Metro,112236.0
15,Jun-2019,Concession,Sydney Metro,145218.0
16,Jun-2019,Day Pass without SAF,Sydney Metro,6.0
17,Jun-2019,Employee,Sydney Metro,10974.0
18,Jun-2019,Free Travel,Sydney Metro,2296.0
19,Jun-2019,School Student,Sydney Metro,92249.0
20,Jun-2019,Senior/Pensioner,Sydney Metro,143843.0
21,Jun-2019,Sgl Trip Rail Adult,Sydney Metro,12588.0
22,Jun-2019,Sgl Trip Rail Child/Youth,Sydney Metro,7851.0
23,Jul-2019,Adult,Sydney Metro,1390001.0
24,Jul-2019,CTP,Sydney Metro,36923.0
25,Jul-2019,Child/Youth,Sydney Metro,164783.0
26,Jul-2019,Concession,Sydney Metro,134159.0
27,Jul-2019,Day Pass Child/Youth w/o SAF,Sydney Metro,1.0
28,Jul-2019,Day Pass without SAF,Sydney Metro,22.0
29,Jul-2019,Employee,Sydney Metro,10328.0
30,Jul-2019,Free Travel,Sydney Metro,2159.0
31,Jul-2019,School Student,Sydney Metro,45109.0
32,Jul-2019,Senior/Pensioner,Sydney Metro,155990.0
33,Jul-2019,Sgl Trip Rail Adult,Sydney Metro,10958.0
34,Jul-2019,Sgl Trip Rail Child/Youth,Sydney Metro,8387.0
35,Aug-2019,Adult,Sydney Metro,1437608.153
36,Aug-2019,CTP,Sydney Metro,56587.36919
37,Aug-2019,Child/Youth,Sydney Metro,85909.3975
38,Aug-2019,Concession,Sydney Metro,251912.4727
39,Aug-2019,Day Pass Child/Youth w/o SAF,Sydney Metro,2.0
40,Aug-2019,Day Pass without SAF,Sydney Metro,11.28536
41,Aug-2019,Employee,Sydney Metro,9626.619657
42,Aug-2019,Free Travel,Sydney Metro,1974.199695
43,Aug-2019,School Student,Sydney Metro,93320.3306
44,Aug-2019,Senior/Pensioner,Sydney Metro,135069.6246
45,Aug-2019,Sgl Trip Rail Adult,Sydney Metro,8621.263354
46,Aug-2019,Sgl Trip Rail Child/Youth,Sydney Metro,3949.219067
47,Sep-2019,Adult,Sydney Metro,1395364.0
48,Sep-2019,CTP,Sydney Metro,78623.0
49,Sep-2019,Child/Youth,Sydney Metro,87350.0
50,Sep-2019,Concession,Sydney Metro,188829.0
51,Sep-2019,Day Pass without SAF,Sydney Metro,8.0
52,Sep-2019,Employee,Sydney Metro,9631.0
53,Sep-2019,Free Travel,Sydney Metro,1872.0
54,Sep-2019,School Student,Sydney Metro,88990.0
55,Sep-2019,Senior/Pensioner,Sydney Metro,127687.0
56,Sep-2019,Sgl Trip Rail Adult,Sydney Metro,7742.0
57,Sep-2019,Sgl Trip Rail Child/Youth,Sydney Metro,3881.0
58,Oct-2019,Adult,Sydney Metro,1461547.869
59,Oct-2019,CTP,Sydney Metro,148911.5375
60,Oct-2019,Child/Youth,Sydney Metro,139949.1529
61,Oct-2019,Concession,Sydney Metro,234295.3295
62,Oct-2019,Day Pass without SAF,Sydney Metro,11.993033
63,Oct-2019,Employee,Sydney Metro,9796.150491
64,Oct-2019,Free Travel,Sydney Metro,1993.975411
65,Oct-2019,School Student,Sydney Metro,58308.79011
66,Oct-2019,Senior/Pensioner,Sydney Metro,139063.8281
67,Oct-2019,Sgl Trip Rail Adult,Sydney Metro,7918.73612
68,Oct-2019,Sgl Trip Rail Child/Youth,Sydney Metro,5121.971302
69,Nov-2019,Adult,Sydney Metro,1368787.0
70,Nov-2019,CTP,Sydney Metro,174479.0
71,Nov-2019,Child/Youth,Sydney Metro,92154.0
72,Nov-2019,Concession,Sydney Metro,168049.0
73,Nov-2019,Day Pass Child/Youth w/o SAF,Sydney Metro,5.0
74,Nov-2019,Day Pass without SAF,Sydney Metro,17.0
75,Nov-2019,Employee,Sydney Metro,9411.0
76,Nov-2019,Free Travel,Sydney Metro,1906.0
77,Nov-2019,School Student,Sydney Metro,92178.0
78,Nov-2019,Senior/Pensioner,Sydney Metro,130042.0
79,Nov-2019,Sgl Trip Rail Adult,Sydney Metro,7271.0
80,Nov-2019,Sgl Trip Rail Child/Youth,Sydney Metro,3238.0
81,Dec-2019,Adult,Sydney Metro,1240804.0
82,Dec-2019,CTP,Sydney Metro,191824.0
83,Dec-2019,Child/Youth,Sydney Metro,151506.0
84,Dec-2019,Concession,Sydney Metro,117858.0
85,Dec-2019,Day Pass without SAF,Sydney Metro,7.0
86,Dec-2019,Employee,Sydney Metro,9472.0
87,Dec-2019,Free Travel,Sydney Metro,1910.0
88,Dec-2019,School Student,Sydney Metro,51793.0
89,Dec-2019,Senior/Pensioner,Sydney Metro,140387.0
90,Dec-2019,Sgl Trip Rail Adult,Sydney Metro,10143.0
91,Dec-2019,Sgl Trip Rail Child/Youth,Sydney Metro,7114.0
92,Jan-2020,Adult,Sydney Metro,1222213.0
93,Jan-2020,CTP,Sydney Metro,198421.0
94,Jan-2020,Child/Youth,Sydney Metro,173317.0
95,Jan-2020,Concession,Sydney Metro,108098.0
96,Jan-2020,Day Pass Child/Youth w/o SAF,Sydney Metro,2.0
97,Jan-2020,Day Pass without SAF,Sydney Metro,13.0
98,Jan-2020,Employee,Sydney Metro,8277.0
99,Jan-2020,Free Travel,Sydney Metro,1600.0
100,Jan-2020,School Student,Sydney Metro,9594.0
101,Jan-2020,Senior/Pensioner,Sydney Metro,130685.0
102,Jan-2020,Sgl Trip Rail Adult,Sydney Metro,7000.0
103,Jan-2020,Sgl Trip Rail Child/Youth,Sydney Metro,6226.0
104,Feb-2020,Adult,Sydney Metro,1210442.0
105,Feb-2020,CTP,Sydney Metro,213212.0
106,Feb-2020,Child/Youth,Sydney Metro,104015.0
107,Feb-2020,Concession,Sydney Metro,148953.0
108,Feb-2020,Day Pass without SAF,Sydney Metro,25.0
109,Feb-2020,Employee,Sydney Metro,9771.0
110,Feb-2020,Free Travel,Sydney Metro,1583.0
111,Feb-2020,School Student,Sydney Metro,95832.0
112,Feb-2020,Senior/Pensioner,Sydney Metro,107389.0
113,Feb-2020,Sgl Trip Rail Adult,Sydney Metro,5660.0
114,Feb-2020,Sgl Trip Rail Child/Youth,Sydney Metro,3213.0
115,Mar-2020,Adult,Sydney Metro,870038.0
116,Mar-2020,CTP,Sydney Metro,161357.0
117,Mar-2020,Child/Youth,Sydney Metro,58273.0
118,Mar-2020,Concession,Sydney Metro,169730.0
119,Mar-2020,Day Pass without SAF,Sydney Metro,17.0
120,Mar-2020,Employee,Sydney Metro,8133.0
121,Mar-2020,Free Travel,Sydney Metro,1152.0
122,Mar-2020,School Student,Sydney Metro,67738.0
123,Mar-2020,Senior/Pensioner,Sydney Metro,66483.0
124,Mar-2020,Sgl Trip Rail Adult,Sydney Metro,3309.0
125,Mar-2020,Sgl Trip Rail Child/Youth,Sydney Metro,2270.0
126,Apr-2020,Adult,Sydney Metro,187366.0
127,Apr-2020,CTP,Sydney Metro,36251.0
128,Apr-2020,Child/Youth,Sydney Metro,5426.0
129,Apr-2020,Concession,Sydney Metro,12484.0
130,Apr-2020,Day Pass without SAF,Sydney Metro,5.0
131,Apr-2020,Employee,Sydney Metro,3234.0
132,Apr-2020,Free Travel,Sydney Metro,194.0
133,Apr-2020,School Student,Sydney Metro,787.0
134,Apr-2020,Senior/Pensioner,Sydney Metro,15988.0
135,Apr-2020,Sgl Trip Rail Adult,Sydney Metro,554.0
136,Apr-2020,Sgl Trip Rail Child/Youth,Sydney Metro,563.0
137,May-2020,Adult,Sydney Metro,279666.0
138,May-2020,CTP,Sydney Metro,62148.0
139,May-2020,Child/Youth,Sydney Metro,18828.0
140,May-2020,Concession,Sydney Metro,23677.0
141,May-2020,Day Pass without SAF,Sydney Metro,8.0
142,May-2020,Employee,Sydney Metro,4482.0
143,May-2020,Free Travel,Sydney Metro,375.0
144,May-2020,School Student,Sydney Metro,28670.0
145,May-2020,Senior/Pensioner,Sydney Metro,29411.0
146,May-2020,Sgl Trip Rail Adult,Sydney Metro,841.0
147,May-2020,Sgl Trip Rail Child/Youth,Sydney Metro,1221.0
148,Jun-2020,Adult,Sydney Metro,444552.0
149,Jun-2020,CTP,Sydney Metro,112387.0
150,Jun-2020,Child/Youth,Sydney Metro,46163.0
151,Jun-2020,Concession,Sydney Metro,48461.0
152,Jun-2020,Day Pass Child/Youth w/o SAF,Sydney Metro,4.0
153,Jun-2020,Day Pass without SAF,Sydney Metro,4.0
154,Jun-2020,Employee,Sydney Metro,5725.0
155,Jun-2020,Free Travel,Sydney Metro,734.0
156,Jun-2020,School Student,Sydney Metro,80422.0
157,Jun-2020,Senior/Pensioner,Sydney Metro,52746.0
158,Jun-2020,Sgl Trip Rail Adult,Sydney Metro,1921.0
159,Jun-2020,Sgl Trip Rail Child/Youth,Sydney Metro,2508.0
160,Jul-2020,Adult,Sydney Metro,522269.0
161,Jul-2020,CTP,Sydney Metro,139350.0
162,Jul-2020,Child/Youth,Sydney Metro,89378.0
163,Jul-2020,Concession,Sydney Metro,72925.0
164,Jul-2020,Day Pass without SAF,Sydney Metro,4.0
165,Jul-2020,Employee,Sydney Metro,6046.0
166,Jul-2020,Free Travel,Sydney Metro,826.0
167,Jul-2020,School Student,Sydney Metro,48768.0
168,Jul-2020,Senior/Pensioner,Sydney Metro,58530.0
169,Jul-2020,Sgl Trip Rail Adult,Sydney Metro,2016.0
170,Jul-2020,Sgl Trip Rail Child/Youth,Sydney Metro,3662.0
171,Aug-2020,Adult,Sydney Metro,503923.0
172,Aug-2020,CTP,Sydney Metro,148270.0
173,Aug-2020,Child/Youth,Sydney Metro,47188.0
174,Aug-2020,Concession,Sydney Metro,104706.0
175,Aug-2020,Day Pass without SAF,Sydney Metro,5.0
176,Aug-2020,Employee,Sydney Metro,5770.0
177,Aug-2020,Free Travel,Sydney Metro,844.0
178,Aug-2020,School Student,Sydney Metro,80446.0
179,Aug-2020,Senior/Pensioner,Sydney Metro,53995.0
180,Aug-2020,Sgl Trip Rail Adult,Sydney Metro,1613.0
181,Aug-2020,Sgl Trip Rail Child/Youth,Sydney Metro,2142.0
182,Sep-2020,Adult,Sydney Metro,533927.0
183,Sep-2020,CTP,Sydney Metro,159481.0
184,Sep-2020,Child/Youth,Sydney Metro,61501.0
185,Sep-2020,Concession,Sydney Metro,94107.0
186,Sep-2020,Day Pass without SAF,Sydney Metro,6.0
187,Sep-2020,Employee,Sydney Metro,6245.0
188,Sep-2020,Free Travel,Sydney Metro,878.0
189,Sep-2020,School Student,Sydney Metro,80811.0
190,Sep-2020,Senior/Pensioner,Sydney Metro,62527.0
191,Sep-2020,Sgl Trip Rail Adult,Sydney Metro,1676.0
192,Sep-2020,Sgl Trip Rail Child/Youth,Sydney Metro,2653.0
193,Oct-2020,Adult,Sydney Metro,552180.0
194,Oct-2020,CTP,Sydney Metro,173066.0
195,Oct-2020,Child/Youth,Sydney Metro,80137.0
196,Oct-2020,Concession,Sydney Metro,102905.0
197,Oct-2020,Day Pass without SAF,Sydney Metro,13.0
198,Oct-2020,Employee,Sydney Metro,6414.0
199,Oct-2020,Free Travel,Sydney Metro,945.0
200,Oct-2020,School Student,Sydney Metro,63594.0
201,Oct-2020,Senior/Pensioner,Sydney Metro,68481.0
202,Oct-2020,Sgl Trip Rail Adult,Sydney Metro,2060.0
203,Oct-2020,Sgl Trip Rail Child/Youth,Sydney Metro,3007.0
204,Nov-2020,Adult,Sydney Metro,617476.0
205,Nov-2020,CTP,Sydney Metro,201491.0
206,Nov-2020,Child/Youth,Sydney Metro,66747.0
207,Nov-2020,Concession,Sydney Metro,86880.0
208,Nov-2020,Day Pass without SAF,Sydney Metro,1.0
209,Nov-2020,Employee,Sydney Metro,7401.0
210,Nov-2020,Free Travel,Sydney Metro,1081.0
211,Nov-2020,School Student,Sydney Metro,93904.0
212,Nov-2020,Senior/Pensioner,Sydney Metro,81964.0
213,Nov-2020,Sgl Trip Rail Adult,Sydney Metro,2462.0
214,Nov-2020,Sgl Trip Rail Child/Youth,Sydney Metro,2839.0
215,Dec-2020,Adult,Sydney Metro,583500.0
216,Dec-2020,CTP,Sydney Metro,215788.0
217,Dec-2020,Child/Youth,Sydney Metro,94959.0
218,Dec-2020,Concession,Sydney Metro,78503.0
219,Dec-2020,Day Pass without SAF,Sydney Metro,9.0
220,Dec-2020,Employee,Sydney Metro,7699.0
221,Dec-2020,Free Travel,Sydney Metro,1082.0
222,Dec-2020,School Student,Sydney Metro,51121.0
223,Dec-2020,Senior/Pensioner,Sydney Metro,77723.0
224,Dec-2020,Sgl Trip Rail Adult,Sydney Metro,3080.0
225,Dec-2020,Sgl Trip Rail Child/Youth,Sydney Metro,4100.0
226,Jan-2021,Adult,Sydney Metro,489531.0
227,Jan-2021,CTP,Sydney Metro,180974.0
228,Jan-2021,Child/Youth,Sydney Metro,105764.0
229,Jan-2021,Concession,Sydney Metro,67660.0
230,Jan-2021,Day Pass without SAF,Sydney Metro,6.0
231,Jan-2021,Employee,Sydney Metro,6574.0
232,Jan-2021,Free Travel,Sydney Metro,812.0
233,Jan-2021,School Student,Sydney Metro,5223.0
234,Jan-2021,Senior/Pensioner,Sydney Metro,62489.0
235,Jan-2021,Sgl Trip Rail Adult,Sydney Metro,1901.0
236,Jan-2021,Sgl Trip Rail Child/Youth,Sydney Metro,3751.0
237,Feb-2021,Adult,Sydney Metro,642411.0
238,Feb-2021,CTP,Sydney Metro,236161.0
239,Feb-2021,Child/Youth,Sydney Metro,77584.0
240,Feb-2021,Concession,Sydney Metro,104930.0
241,Feb-2021,Day Pass without SAF,Sydney Metro,10.0
242,Feb-2021,Employee,Sydney Metro,7230.0
243,Feb-2021,Free Travel,Sydney Metro,1117.0
244,Feb-2021,School Student,Sydney Metro,103196.0
245,Feb-2021,Senior/Pensioner,Sydney Metro,85141.0
246,Feb-2021,Sgl Trip Rail Adult,Sydney Metro,2486.0
247,Feb-2021,Sgl Trip Rail Child/Youth,Sydney Metro,2792.0
248,Mar-2021,Adult,Sydney Metro,753250.0
249,Mar-2021,CTP,Sydney Metro,282204.0
250,Mar-2021,Child/Youth,Sydney Metro,69779.0
251,Mar-2021,Concession,Sydney Metro,202933.0
252,Mar-2021,Day Pass without SAF,Sydney Metro,3.0
253,Mar-2021,Employee,Sydney Metro,8584.0
254,Mar-2021,Free Travel,Sydney Metro,1271.0
255,Mar-2021,School Student,Sydney Metro,122144.0
256,Mar-2021,Senior/Pensioner,Sydney Metro,100401.0
257,Mar-2021,Sgl Trip Rail Adult,Sydney Metro,2989.0
258,Mar-2021,Sgl Trip Rail Child/Youth,Sydney Metro,2756.0
259,Apr-2021,Adult,Sydney Metro,724933.0
260,Apr-2021,CTP,Sydney Metro,294486.0
261,Apr-2021,Child/Youth,Sydney Metro,112888.0
262,Apr-2021,Concession,Sydney Metro,139038.0
263,Apr-2021,Day Pass without SAF,Sydney Metro,7.0
264,Apr-2021,Employee,Sydney Metro,8072.0
265,Apr-2021,Free Travel,Sydney Metro,1412.0
266,Apr-2021,School Student,Sydney Metro,56909.0
267,Apr-2021,Senior/Pensioner,Sydney Metro,107808.0
268,Apr-2021,Sgl Trip Rail Adult,Sydney Metro,3971.0
269,Apr-2021,Sgl Trip Rail Child/Youth,Sydney Metro,5286.0
270,May-2021,Adult,Sydney Metro,784759.0
271,May-2021,CTP,Sydney Metro,324035.0
272,May-2021,Child/Youth,Sydney Metro,76183.0
273,May-2021,Concession,Sydney Metro,172821.0
274,May-2021,Day Pass without SAF,Sydney Metro,3.0
275,May-2021,Employee,Sydney Metro,9284.0
276,May-2021,Free Travel,Sydney Metro,1426.0
277,May-2021,School Student,Sydney Metro,117474.0
278,May-2021,Senior/Pensioner,Sydney Metro,114252.0
279,May-2021,Sgl Trip Rail Adult,Sydney Metro,3415.0
280,May-2021,Sgl Trip Rail Child/Youth,Sydney Metro,3857.0
281,Jun-2021,Adult,Sydney Metro,617927.0
282,Jun-2021,CTP,Sydney Metro,246817.0
283,Jun-2021,Child/Youth,Sydney Metro,55744.0
284,Jun-2021,Concession,Sydney Metro,104679.0
285,Jun-2021,Day Pass without SAF,Sydney Metro,5.0
286,Jun-2021,Employee,Sydney Metro,6129.0
287,Jun-2021,Free Travel,Sydney Metro,1070.0
288,Jun-2021,School Student,Sydney Metro,94870.0
289,Jun-2021,Senior/Pensioner,Sydney Metro,89799.0
290,Jun-2021,Sgl Trip Rail Adult,Sydney Metro,2213.0
291,Jun-2021,Sgl Trip Rail Child/Youth,Sydney Metro,2771.0
292,Jul-2021,Adult,Sydney Metro,179849.0
293,Jul-2021,CTP,Sydney Metro,62260.0
294,Jul-2021,Child/Youth,Sydney Metro,5913.0
295,Jul-2021,Concession,Sydney Metro,17652.0
296,Jul-2021,Day Pass without SAF,Sydney Metro,2.0
297,Jul-2021,Employee,Sydney Metro,2308.0
298,Jul-2021,Free Travel,Sydney Metro,191.0
299,Jul-2021,School Student,Sydney Metro,616.0
300,Jul-2021,Senior/Pensioner,Sydney Metro,18309.0
301,Jul-2021,Sgl Trip Rail Adult,Sydney Metro,455.0
302,Jul-2021,Sgl Trip Rail Child/Youth,Sydney Metro,640.0
303,Aug-2021,Adult,Sydney Metro,132635.0
304,Aug-2021,CTP,Sydney Metro,44113.0
305,Aug-2021,Child/Youth,Sydney Metro,3023.0
306,Aug-2021,Concession,Sydney Metro,11687.0
307,Aug-2021,Day Pass without SAF,Sydney Metro,4.0
308,Aug-2021,Employee,Sydney Metro,1519.0
309,Aug-2021,Free Travel,Sydney Metro,128.0
310,Aug-2021,School Student,Sydney Metro,705.0
311,Aug-2021,Senior/Pensioner,Sydney Metro,13021.0
312,Aug-2021,Sgl Trip Rail Adult,Sydney Metro,276.0
313,Aug-2021,Sgl Trip Rail Child/Youth,Sydney Metro,507.0
314,Sep-2021,Adult,Sydney Metro,136617.0
315,Sep-2021,CTP,Sydney Metro,47090.0
316,Sep-2021,Child/Youth,Sydney Metro,4479.0
317,Sep-2021,Concession,Sydney Metro,11143.0
318,Sep-2021,Day Pass without SAF,Sydney Metro,7.0
319,Sep-2021,Employee,Sydney Metro,1147.0
320,Sep-2021,Free Travel,Sydney Metro,139.0
321,Sep-2021,School Student,Sydney Metro,478.0
322,Sep-2021,Senior/Pensioner,Sydney Metro,15393.0
323,Sep-2021,Sgl Trip Rail Adult,Sydney Metro,293.0
324,Sep-2021,Sgl Trip Rail Child/Youth,Sydney Metro,634.0
325,Oct-2021,Adult,Sydney Metro,280790.0
326,Oct-2021,CTP,Sydney Metro,136772.0
327,Oct-2021,Child/Youth,Sydney Metro,36456.0
328,Oct-2021,Concession,Sydney Metro,44037.0
329,Oct-2021,Day Pass without SAF,Sydney Metro,4.0
330,Oct-2021,Employee,Sydney Metro,3504.0
331,Oct-2021,Free Travel,Sydney Metro,569.0
332,Oct-2021,School Student,Sydney Metro,28833.0
333,Oct-2021,Senior/Pensioner,Sydney Metro,48030.0
334,Oct-2021,Sgl Trip Rail Adult,Sydney Metro,1249.0
335,Oct-2021,Sgl Trip Rail Child/Youth,Sydney Metro,1933.0
336,Nov-2021,Adult,Sydney Metro,452954.0
337,Nov-2021,CTP,Sydney Metro,216940.0
338,Nov-2021,Child/Youth,Sydney Metro,55977.0
339,Nov-2021,Concession,Sydney Metro,72774.0
340,Nov-2021,Day Pass without SAF,Sydney Metro,5.0
341,Nov-2021,Employee,Sydney Metro,5866.0
342,Nov-2021,Free Travel,Sydney Metro,967.0
343,Nov-2021,School Student,Sydney Metro,116422.0
344,Nov-2021,Senior/Pensioner,Sydney Metro,81250.0
345,Nov-2021,Sgl Trip Rail Adult,Sydney Metro,2200.0
346,Nov-2021,Sgl Trip Rail Child/Youth,Sydney Metro,2666.0
347,Dec-2021,Adult,Sydney Metro,468401.0
348,Dec-2021,CTP,Sydney Metro,244548.0
349,Dec-2021,Child/Youth,Sydney Metro,89830.0
350,Dec-2021,Concession,Sydney Metro,79637.0
351,Dec-2021,Day Pass without SAF,Sydney Metro,13.0
352,Dec-2021,Employee,Sydney Metro,6606.0
353,Dec-2021,Free Travel,Sydney Metro,899.0
354,Dec-2021,School Student,Sydney Metro,55544.0
355,Dec-2021,Senior/Pensioner,Sydney Metro,79251.0
356,Dec-2021,Sgl Trip Rail Adult,Sydney Metro,3228.0
357,Dec-2021,Sgl Trip Rail Child/Youth,Sydney Metro,4165.0
358,Jan-2022,Adult,Sydney Metro,303258.0
359,Jan-2022,CTP,Sydney Metro,161355.0
360,Jan-2022,Child/Youth,Sydney Metro,72529.0
361,Jan-2022,Concession,Sydney Metro,50098.0
362,Jan-2022,Day Pass without SAF,Sydney Metro,5.0
363,Jan-2022,Employee,Sydney Metro,4492.0
364,Jan-2022,Free Travel,Sydney Metro,620.0
365,Jan-2022,School Student,Sydney Metro,2758.0
366,Jan-2022,Senior/Pensioner,Sydney Metro,48621.0
367,Jan-2022,Sgl Trip Rail Adult,Sydney Metro,1974.0
368,Jan-2022,Sgl Trip Rail Child/Youth,Sydney Metro,3432.0
369,Feb-2022,Adult,Sydney Metro,392103.0
370,Feb-2022,CTP,Sydney Metro,208243.0
371,Feb-2022,Child/Youth,Sydney Metro,69520.0
372,Feb-2022,Concession,Sydney Metro,90031.0
373,Feb-2022,Day Pass without SAF,Sydney Metro,3.0
374,Feb-2022,Employee,Sydney Metro,5587.0
375,Feb-2022,Free Travel,Sydney Metro,815.0
376,Feb-2022,School Student,Sydney Metro,107578.0
377,Feb-2022,Senior/Pensioner,Sydney Metro,62320.0
378,Feb-2022,Sgl Trip Rail Adult,Sydney Metro,2142.0
379,Feb-2022,Sgl Trip Rail Child/Youth,Sydney Metro,2430.0
380,Mar-2022,Adult,Sydney Metro,545201.0
381,Mar-2022,CTP,Sydney Metro,298153.0
382,Mar-2022,Child/Youth,Sydney Metro,70762.0
383,Mar-2022,Concession,Sydney Metro,184842.0
384,Mar-2022,Day Pass without SAF,Sydney Metro,5.0
385,Mar-2022,Employee,Sydney Metro,7699.0
386,Mar-2022,Free Travel,Sydney Metro,979.0
387,Mar-2022,School Student,Sydney Metro,123529.0
388,Mar-2022,Senior/Pensioner,Sydney Metro,80905.0
389,Mar-2022,Sgl Trip Rail Adult,Sydney Metro,3164.0
390,Mar-2022,Sgl Trip Rail Child/Youth,Sydney Metro,3428.0
391,Apr-2022,Adult,Sydney Metro,604787.0
392,Apr-2022,CTP,Sydney Metro,316827.0
393,Apr-2022,Child/Youth,Sydney Metro,126592.0
394,Apr-2022,Concession,Sydney Metro,124694.0
395,Apr-2022,Day Pass without SAF,Sydney Metro,2.0
396,Apr-2022,Employee,Sydney Metro,7373.0
397,Apr-2022,Free Travel,Sydney Metro,931.0
398,Apr-2022,School Student,Sydney Metro,53990.0
399,Apr-2022,Senior/Pensioner,Sydney Metro,96771.0
400,Apr-2022,Sgl Trip Rail Adult,Sydney Metro,2836.0
401,Apr-2022,Sgl Trip Rail Child/Youth,Sydney Metro,3682.0
402,May-2022,Adult,Sydney Metro,682645.0
403,May-2022,CTP,Sydney Metro,386701.0
404,May-2022,Child/Youth,Sydney Metro,76054.0
405,May-2022,Concession,Sydney Metro,160565.0
406,May-2022,Day Pass without SAF,Sydney Metro,11.0
407,May-2022,Employee,Sydney Metro,9020.0
408,May-2022,Free Travel,Sydney Metro,1291.0
409,May-2022,School Student,Sydney Metro,132269.0
410,May-2022,Senior/Pensioner,Sydney Metro,106441.0
411,May-2022,Sgl Trip Rail Adult,Sydney Metro,4086.0
412,May-2022,Sgl Trip Rail Child/Youth,Sydney Metro,4230.0
413,Jun-2022,Adult,Sydney Metro,675361.0
414,Jun-2022,CTP,Sydney Metro,382184.0
415,Jun-2022,Child/Youth,Sydney Metro,87208.0
416,Jun-2022,Concession,Sydney Metro,113875.0
417,Jun-2022,Day Pass without SAF,Sydney Metro,5.0
418,Jun-2022,Employee,Sydney Metro,9548.0
419,Jun-2022,Free Travel,Sydney Metro,1147.0
420,Jun-2022,School Student,Sydney Metro,127005.0
421,Jun-2022,Senior/Pensioner,Sydney Metro,114975.0
422,Jun-2022,Sgl Trip Rail Adult,Sydney Metro,4440.0
423,Jun-2022,Sgl Trip Rail Child/Youth,Sydney Metro,5245.0
424,Jul-2022,Adult,Sydney Metro,602643.0
425,Jul-2022,CTP,Sydney Metro,341982.0
426,Jul-2022,Child/Youth,Sydney Metro,113396.0
427,Jul-2022,Concession,Sydney Metro,102727.0
428,Jul-2022,Day Pass without SAF,Sydney Metro,8.0
429,Jul-2022,Employee,Sydney Metro,7928.0
430,Jul-2022,Free Travel,Sydney Metro,990.0
431,Jul-2022,School Student,Sydney Metro,64043.0
432,Jul-2022,Senior/Pensioner,Sydney Metro,94024.0
433,Jul-2022,Sgl Trip Rail Adult,Sydney Metro,3943.0
434,Jul-2022,Sgl Trip Rail Child/Youth,Sydney Metro,5458.0
435,Aug-2022,Adult,Sydney Metro,680455.0
436,Aug-2022,CTP,Sydney Metro,399797.0
437,Aug-2022,Child/Youth,Sydney Metro,68298.0
438,Aug-2022,Concession,Sydney Metro,186240.0
439,Aug-2022,Day Pass without SAF,Sydney Metro,3.0
440,Aug-2022,Employee,Sydney Metro,8780.0
441,Aug-2022,Free Travel,Sydney Metro,1041.0
442,Aug-2022,School Student,Sydney Metro,148403.0
443,Aug-2022,Senior/Pensioner,Sydney Metro,102663.0
444,Aug-2022,Sgl Trip Rail Adult,Sydney Metro,3449.0
445,Aug-2022,Sgl Trip Rail Child/Youth,Sydney Metro,3428.0
446,Sep-2022,Adult,Sydney Metro,660673.0
447,Sep-2022,CTP,Sydney Metro,397176.0
448,Sep-2022,Child/Youth,Sydney Metro,88386.0
449,Sep-2022,Concession,Sydney Metro,132959.0
450,Sep-2022,Day Pass without SAF,Sydney Metro,4.0
451,Sep-2022,Employee,Sydney Metro,7222.0
452,Sep-2022,Free Travel,Sydney Metro,922.0
453,Sep-2022,School Student,Sydney Metro,103633.0
454,Sep-2022,Senior/Pensioner,Sydney Metro,106598.0
455,Sep-2022,Sgl Trip Rail Adult,Sydney Metro,3587.0
456,Sep-2022,Sgl Trip Rail Child/Youth,Sydney Metro,3904.0
457,Oct-2022,Adult,Sydney Metro,642145.0
458,Oct-2022,CTP,Sydney Metro,408491.0
459,Oct-2022,Child/Youth,Sydney Metro,90128.0
460,Oct-2022,Concession,Sydney Metro,144844.0
461,Oct-2022,Day Pass without SAF,Sydney Metro,12.0
462,Oct-2022,Employee,Sydney Metro,8227.0
463,Oct-2022,Free Travel,Sydney Metro,1069.0
464,Oct-2022,School Student,Sydney Metro,104338.0
465,Oct-2022,Senior/Pensioner,Sydney Metro,109339.0
466,Oct-2022,Sgl Trip Rail Adult,Sydney Metro,3953.0
467,Oct-2022,Sgl Trip Rail Child/Youth,Sydney Metro,4472.0
468,Nov-2022,Adult,Sydney Metro,604879.0
469,Nov-2022,CTP,Sydney Metro,386998.0
470,Nov-2022,Child/Youth,Sydney Metro,74878.0
471,Nov-2022,Concession,Sydney Metro,96744.0
472,Nov-2022,Day Pass without SAF,Sydney Metro,11.0
473,Nov-2022,Employee,Sydney Metro,7755.0
474,Nov-2022,Free Travel,Sydney Metro,930.0
475,Nov-2022,School Student,Sydney Metro,112233.0
476,Nov-2022,Senior/Pensioner,Sydney Metro,104597.0
477,Nov-2022,Sgl Trip Rail Adult,Sydney Metro,4073.0
478,Nov-2022,Sgl Trip Rail Child/Youth,Sydney Metro,3742.0
479,Dec-2022,Adult,Sydney Metro,674886.0
480,Dec-2022,CTP,Sydney Metro,467954.0
481,Dec-2022,Child/Youth,Sydney Metro,126355.0
482,Dec-2022,Concession,Sydney Metro,90333.0
483,Dec-2022,Day Pass without SAF,Sydney Metro,13.0
484,Dec-2022,Employee,Sydney Metro,9087.0
485,Dec-2022,Free Travel,Sydney Metro,1212.0
486,Dec-2022,School Student,Sydney Metro,65619.0
487,Dec-2022,Senior/Pensioner,Sydney Metro,127601.0
488,Dec-2022,Sgl Trip Rail Adult,Sydney Metro,6339.0
489,Dec-2022,Sgl Trip Rail Child/Youth,Sydney Metro,7821.0
490,Jan-2023,Adult,Sydney Metro,616617.0
491,Jan-2023,CTP,Sydney Metro,415504.0
492,Jan-2023,Child/Youth,Sydney Metro,150281.0
493,Jan-2023,Concession,Sydney Metro,79385.0
494,Jan-2023,Day Pass without SAF,Sydney Metro,10.0
495,Jan-2023,Employee,Sydney Metro,7705.0
496,Jan-2023,Free Travel,Sydney Metro,1034.0
497,Jan-2023,School Student,Sydney Metro,7161.0
498,Jan-2023,Senior/Pensioner,Sydney Metro,117304.0
499,Jan-2023,Sgl Trip Rail Adult,Sydney Metro,5058.0
500,Jan-2023,Sgl Trip Rail Child/Youth,Sydney Metro,7938.0
501,Feb-2023,Adult,Sydney Metro,719458.0
502,Feb-2023,CTP,Sydney Metro,480110.0
503,Feb-2023,Child/Youth,Sydney Metro,92516.0
504,Feb-2023,Concession,Sydney Metro,126243.0
505,Feb-2023,Day Pass without SAF,Sydney Metro,15.0
506,Feb-2023,Employee,Sydney Metro,8932.0
507,Feb-2023,Free Travel,Sydney Metro,1186.0
508,Feb-2023,School Student,Sydney Metro,148817.0
509,Feb-2023,Senior/Pensioner,Sydney Metro,119054.0
510,Feb-2023,Sgl Trip Rail Adult,Sydney Metro,4560.0
511,Feb-2023,Sgl Trip Rail Child/Youth,Sydney Metro,4013.0
512,Mar-2023,Adult,Sydney Metro,859491.0
513,Mar-2023,CTP,Sydney Metro,593827.0
514,Mar-2023,Child/Youth,Sydney Metro,94967.0
515,Mar-2023,Concession,Sydney Metro,236763.0
516,Mar-2023,Day Pass without SAF,Sydney Metro,16.0
517,Mar-2023,Employee,Sydney Metro,10210.0
518,Mar-2023,Free Travel,Sydney Metro,1577.0
519,Mar-2023,School Student,Sydney Metro,173163.0
520,Mar-2023,Senior/Pensioner,Sydney Metro,135604.0
521,Mar-2023,Sgl Trip Rail Adult,Sydney Metro,4970.0
522,Mar-2023,Sgl Trip Rail Child/Youth,Sydney Metro,4484.0
523,Apr-2023,Adult,Sydney Metro,692354.0
524,Apr-2023,CTP,Sydney Metro,488164.0
525,Apr-2023,Child/Youth,Sydney Metro,132364.0
526,Apr-2023,Concession,Sydney Metro,133672.0
527,Apr-2023,Day Pass without SAF,Sydney Metro,12.0
528,Apr-2023,Employee,Sydney Metro,7441.0
529,Apr-2023,Free Travel,Sydney Metro,1154.0
530,Apr-2023,School Student,Sydney Metro,52326.0
531,Apr-2023,Senior/Pensioner,Sydney Metro,120699.0
532,Apr-2023,Sgl Trip Rail Adult,Sydney Metro,4655.0
533,Apr-2023,Sgl Trip Rail Child/Youth,Sydney Metro,6337.0
534,May-2023,Adult,Sydney Metro,850043.0
535,May-2023,CTP,Sydney Metro,591619.0
536,May-2023,Child/Youth,Sydney Metro,77264.0
537,May-2023,Concession,Sydney Metro,186032.0
538,May-2023,Day Pass Child/Youth w/o SAF,Sydney Metro,14.0
539,May-2023,Day Pass without SAF,Sydney Metro,7.0
540,May-2023,Employee,Sydney Metro,10185.0
541,May-2023,Free Travel,Sydney Metro,1470.0
542,May-2023,School Student,Sydney Metro,172299.0
543,May-2023,Senior/Pensioner,Sydney Metro,135577.0
544,May-2023,Sgl Trip Rail Adult,Sydney Metro,4280.0
545,May-2023,Sgl Trip Rail Child/Youth,Sydney Metro,4203.0
546,Jun-2023,Adult,Sydney Metro,804348.0
547,Jun-2023,CTP,Sydney Metro,561048.0
548,Jun-2023,Child/Youth,Sydney Metro,97142.0
549,Jun-2023,Concession,Sydney Metro,127955.0
550,Jun-2023,Day Pass without SAF,Sydney Metro,12.0
551,Jun-2023,Employee,Sydney Metro,10409.0
552,Jun-2023,Free Travel,Sydney Metro,1396.0
553,Jun-2023,School Student,Sydney Metro,151260.0
554,Jun-2023,Senior/Pensioner,Sydney Metro,137428.0
555,Jun-2023,Sgl Trip Rail Adult,Sydney Metro,5053.0
556,Jun-2023,Sgl Trip Rail Child/Youth,Sydney Metro,5699.0
557,Jul-2023,Adult,Sydney Metro,825582.0
558,Jul-2023,CTP,Sydney Metro,569571.0
559,Jul-2023,Child/Youth,Sydney Metro,149843.0
560,Jul-2023,Concession,Sydney Metro,124525.0
561,Jul-2023,Day Pass without SAF,Sydney Metro,5.0
562,Jul-2023,Employee,Sydney Metro,9371.0
563,Jul-2023,Free Travel,Sydney Metro,1427.0
564,Jul-2023,School Student,Sydney Metro,78880.0
565,Jul-2023,Senior/Pensioner,Sydney Metro,143432.0
566,Jul-2023,Sgl Trip Rail Adult,Sydney Metro,5401.0
567,Jul-2023,Sgl Trip Rail Child/Youth,Sydney Metro,7864.0
568,Aug-2023,Adult,Sydney Metro,909233.0
569,Aug-2023,CTP,Sydney Metro,635045.0
570,Aug-2023,Child/Youth,Sydney Metro,83827.0
571,Aug-2023,Concession,Sydney Metro,215132.0
572,Aug-2023,Day Pass without SAF,Sydney Metro,11.0
573,Aug-2023,Employee,Sydney Metro,10206.0
574,Aug-2023,Free Travel,Sydney Metro,1528.0
575,Aug-2023,School Student,Sydney Metro,177958.0
576,Aug-2023,Senior/Pensioner,Sydney Metro,146962.0
577,Aug-2023,Sgl Trip Rail Adult,Sydney Metro,4397.0
578,Aug-2023,Sgl Trip Rail Child/Youth,Sydney Metro,4478.0
579,Sep-2023,Adult,Sydney Metro,840910.0
580,Sep-2023,CTP,Sydney Metro,604732.0
581,Sep-2023,Child/Youth,Sydney Metro,117707.0
582,Sep-2023,Concession,Sydney Metro,158540.0
583,Sep-2023,Day Pass without SAF,Sydney Metro,3.0
584,Sep-2023,Employee,Sydney Metro,9809.0
585,Sep-2023,Free Travel,Sydney Metro,1399.0
586,Sep-2023,School Student,Sydney Metro,126407.0
587,Sep-2023,Senior/Pensioner,Sydney Metro,146648.0
588,Sep-2023,Sgl Trip Rail Adult,Sydney Metro,4262.0
589,Sep-2023,Sgl Trip Rail Child/Youth,Sydney Metro,6096.0
590,Oct-2023,Adult,Sydney Metro,852938.0
591,Oct-2023,CTP,Sydney Metro,601032.0
592,Oct-2023,Child/Youth,Sydney Metro,110704.0
593,Oct-2023,Concession,Sydney Metro,177429.0
594,Oct-2023,Day Pass without SAF,Sydney Metro,10.0
595,Oct-2023,Employee,Sydney Metro,10057.0
596,Oct-2023,Free Travel,Sydney Metro,1623.0
597,Oct-2023,School Student,Sydney Metro,128319.0
598,Oct-2023,Senior/Pensioner,Sydney Metro,141713.0
599,Oct-2023,Sgl Trip Rail Adult,Sydney Metro,4173.0
600,Oct-2023,Sgl Trip Rail Child/Youth,Sydney Metro,5416.0
601,Nov-2023,Adult,Sydney Metro,854398.0
602,Nov-2023,CTP,Sydney Metro,611217.0
603,Nov-2023,Child/Youth,Sydney Metro,90685.0
604,Nov-2023,Concession,Sydney Metro,128213.0
605,Nov-2023,Day Pass without SAF,Sydney Metro,103.0
606,Nov-2023,Employee,Sydney Metro,10148.0
607,Nov-2023,Free Travel,Sydney Metro,1674.0
608,Nov-2023,School Student,Sydney Metro,166224.0
609,Nov-2023,Senior/Pensioner,Sydney Metro,147231.0
610,Nov-2023,Sgl Trip Rail Adult,Sydney Metro,4240.0
611,Nov-2023,Sgl Trip Rail Child/Youth,Sydney Metro,4173.0
612,Dec-2023,Adult,Sydney Metro,696546.0
613,Dec-2023,CTP,Sydney Metro,495827.0
614,Dec-2023,Child/Youth,Sydney Metro,118165.0
615,Dec-2023,Concession,Sydney Metro,86504.0
616,Dec-2023,Day Pass without SAF,Sydney Metro,16.0
617,Dec-2023,Employee,Sydney Metro,8690.0
618,Dec-2023,Free Travel,Sydney Metro,1253.0
619,Dec-2023,School Student,Sydney Metro,67107.0
620,Dec-2023,Senior/Pensioner,Sydney Metro,133112.0
621,Dec-2023,Sgl Trip Rail Adult,Sydney Metro,5328.0
622,Dec-2023,Sgl Trip Rail Child/Youth,Sydney Metro,6936.0
623,Apr-2024,Adult,Sydney Metro,791621.0
624,Apr-2024,CTP,Sydney Metro,594539.0
625,Apr-2024,Child/Youth,Sydney Metro,119336.0
626,Apr-2024,Concession,Sydney Metro,170193.0
627,Apr-2024,Day Pass without SAF,Sydney Metro,8.0
628,Apr-2024,Employee,Sydney Metro,8122.0
629,Apr-2024,Free Travel,Sydney Metro,1467.0
630,Apr-2024,School Student,Sydney Metro,81285.0
631,Apr-2024,Senior/Pensioner,Sydney Metro,137204.0
632,Apr-2024,Sgl Trip Rail Adult,Sydney Metro,3807.0
633,Apr-2024,Sgl Trip Rail Child/Youth,Sydney Metro,6167.0
634,Apr-2024,UNKNOWN,Sydney Metro,19.0
635,Apr-2025,Adult,Sydney Metro,2176538.0
636,Apr-2025,CTP,Sydney Metro,2349744.0
637,Apr-2025,Child/Youth,Sydney Metro,271922.0
638,Apr-2025,Concession,Sydney Metro,447577.0
639,Apr-2025,Day Pass Child/Youth w/o SAF,Sydney Metro,8.0
640,Apr-2025,Day Pass without SAF,Sydney Metro,51.0
641,Apr-2025,Employee,Sydney Metro,34438.0
642,Apr-2025,Free Travel,Sydney Metro,5104.0
643,Apr-2025,School Student,Sydney Metro,156574.0
644,Apr-2025,Senior/Pensioner,Sydney Metro,435647.0
645,Apr-2025,Sgl Trip Rail Adult,Sydney Metro,11054.0
646,Apr-2025,Sgl Trip Rail Child/Youth,Sydney Metro,15592.0
647,Apr-2025,UNKNOWN,Sydney Metro,2.0
648,Apr-2026,Adult,Sydney Metro,1941893.0
649,Apr-2026,CTP,Sydney Metro,2410019.0
650,Apr-2026,Child/Youth,Sydney Metro,251028.0
651,Apr-2026,Concession,Sydney Metro,448172.0
652,Apr-2026,Day Pass Child/Youth w/o SAF,Sydney Metro,0.0
653,Apr-2026,Day Pass without SAF,Sydney Metro,50.0
654,Apr-2026,Employee,Sydney Metro,40421.0
655,Apr-2026,Free Travel,Sydney Metro,5354.0
656,Apr-2026,School Student,Sydney Metro,145344.0
657,Apr-2026,Senior/Pensioner,Sydney Metro,444310.0
658,Apr-2026,Sgl Trip Rail Adult,Sydney Metro,8437.0
659,Apr-2026,Sgl Trip Rail Child/Youth,Sydney Metro,14676.0
660,Apr-2026,UNKNOWN,Sydney Metro,0.0
661,Aug-2024,Adult,Sydney Metro,1514415.0
662,Aug-2024,CTP,Sydney Metro,1368611.0
663,Aug-2024,Child/Youth,Sydney Metro,149909.0
664,Aug-2024,Concession,Sydney Metro,337739.0
665,Aug-2024,Day Pass Child/Youth w/o SAF,Sydney Metro,2.0
666,Aug-2024,Day Pass without SAF,Sydney Metro,32.0
667,Aug-2024,Employee,Sydney Metro,21640.0
668,Aug-2024,Free Travel,Sydney Metro,4203.0
669,Aug-2024,School Student,Sydney Metro,231151.0
670,Aug-2024,Senior/Pensioner,Sydney Metro,355340.0
671,Aug-2024,Sgl Trip Rail Adult,Sydney Metro,6489.0
672,Aug-2024,Sgl Trip Rail Child/Youth,Sydney Metro,8215.0
673,Aug-2024,UNKNOWN,Sydney Metro,14.0
674,Aug-2025,Adult,Sydney Metro,2233741.0
675,Aug-2025,CTP,Sydney Metro,2462605.0
676,Aug-2025,Child/Youth,Sydney Metro,182998.0
677,Aug-2025,Concession,Sydney Metro,493003.0
678,Aug-2025,Day Pass Child/Youth w/o SAF,Sydney Metro,2.0
679,Aug-2025,Day Pass without SAF,Sydney Metro,54.0
680,Aug-2025,Employee,Sydney Metro,44463.0
681,Aug-2025,Free Travel,Sydney Metro,5808.0
682,Aug-2025,School Student,Sydney Metro,319032.0
683,Aug-2025,Senior/Pensioner,Sydney Metro,444735.0
684,Aug-2025,Sgl Trip Rail Adult,Sydney Metro,10783.0
685,Aug-2025,Sgl Trip Rail Child/Youth,Sydney Metro,11450.0
686,Aug-2025,UNKNOWN,Sydney Metro,0.0
687,Aug-2026,Adult,Sydney Metro,2260432.0
688,Aug-2026,CTP,Sydney Metro,2998502.0
689,Aug-2026,Child/Youth,Sydney Metro,200292.0
690,Aug-2026,Concession,Sydney Metro,525093.0
691,Aug-2026,Day Pass Child/Youth w/o SAF,Sydney Metro,19.0
692,Aug-2026,Day Pass without SAF,Sydney Metro,49.0
693,Aug-2026,Employee,Sydney Metro,50740.0
694,Aug-2026,Free Travel,Sydney Metro,5683.0
695,Aug-2026,School Student,Sydney Metro,356663.0
696,Aug-2026,Senior/Pensioner,Sydney Metro,533290.0
697,Aug-2026,Sgl Trip Rail Adult,Sydney Metro,8568.0
698,Aug-2026,Sgl Trip Rail Child/Youth,Sydney Metro,10922.0
699,Aug-2026,UNKNOWN,Sydney Metro,0.0
700,Dec-2024,Adult,Sydney Metro,2022626.0
701,Dec-2024,CTP,Sydney Metro,2132477.0
702,Dec-2024,Child/Youth,Sydney Metro,262402.0
703,Dec-2024,Concession,Sydney Metro,244179.0
704,Dec-2024,Day Pass Child/Youth w/o SAF,Sydney Metro,78.0
705,Dec-2024,Day Pass without SAF,Sydney Metro,69.0
706,Dec-2024,Employee,Sydney Metro,39374.0
707,Dec-2024,Free Travel,Sydney Metro,4889.0
708,Dec-2024,School Student,Sydney Metro,129951.0
709,Dec-2024,Senior/Pensioner,Sydney Metro,442861.0
710,Dec-2024,Sgl Trip Rail Adult,Sydney Metro,15325.0
711,Dec-2024,Sgl Trip Rail Child/Youth,Sydney Metro,19561.0
712,Dec-2024,UNKNOWN,Sydney Metro,27.0
713,Dec-2025,Adult,Sydney Metro,1890809.0
714,Dec-2025,CTP,Sydney Metro,2245923.0
715,Dec-2025,Child/Youth,Sydney Metro,211531.0
716,Dec-2025,Concession,Sydney Metro,251937.0
717,Dec-2025,Day Pass without SAF,Sydney Metro,70.0
718,Dec-2025,Employee,Sydney Metro,47784.0
719,Dec-2025,Free Travel,Sydney Metro,5045.0
720,Dec-2025,School Student,Sydney Metro,165088.0
721,Dec-2025,Senior/Pensioner,Sydney Metro,433032.0
722,Dec-2025,Sgl Trip Rail Adult,Sydney Metro,11807.0
723,Dec-2025,Sgl Trip Rail Child/Youth,Sydney Metro,15442.0
724,Dec-2025,UNKNOWN,Sydney Metro,4.0
725,Feb-2024,Adult,Sydney Metro,827154.0
726,Feb-2024,CTP,Sydney Metro,601447.0
727,Feb-2024,Child/Youth,Sydney Metro,92915.0
728,Feb-2024,Concession,Sydney Metro,154550.0
729,Feb-2024,Day Pass without SAF,Sydney Metro,13.0
730,Feb-2024,Employee,Sydney Metro,7950.0
731,Feb-2024,Free Travel,Sydney Metro,1475.0
732,Feb-2024,School Student,Sydney Metro,169822.0
733,Feb-2024,Senior/Pensioner,Sydney Metro,135537.0
734,Feb-2024,Sgl Trip Rail Adult,Sydney Metro,4160.0
735,Feb-2024,Sgl Trip Rail Child/Youth,Sydney Metro,3917.0
736,Feb-2024,UNKNOWN,Sydney Metro,37.0
737,Feb-2025,Adult,Sydney Metro,2146118.0
738,Feb-2025,CTP,Sydney Metro,2276464.0
739,Feb-2025,Child/Youth,Sydney Metro,202541.0
740,Feb-2025,Concession,Sydney Metro,349100.0
741,Feb-2025,Day Pass Child/Youth w/o SAF,Sydney Metro,1.0
742,Feb-2025,Day Pass without SAF,Sydney Metro,44.0
743,Feb-2025,Employee,Sydney Metro,36371.0
744,Feb-2025,Free Travel,Sydney Metro,5170.0
745,Feb-2025,School Student,Sydney Metro,266582.0
746,Feb-2025,Senior/Pensioner,Sydney Metro,412570.0
747,Feb-2025,Sgl Trip Rail Adult,Sydney Metro,10603.0
748,Feb-2025,Sgl Trip Rail Child/Youth,Sydney Metro,9892.0
749,Feb-2025,UNKNOWN,Sydney Metro,6.0
750,Feb-2026,Adult,Sydney Metro,2071345.0
751,Feb-2026,CTP,Sydney Metro,2498548.0
752,Feb-2026,Child/Youth,Sydney Metro,188194.0
753,Feb-2026,Concession,Sydney Metro,345349.0
754,Feb-2026,Day Pass without SAF,Sydney Metro,48.0
755,Feb-2026,Employee,Sydney Metro,45856.0
756,Feb-2026,Free Travel,Sydney Metro,5229.0
757,Feb-2026,School Student,Sydney Metro,332228.0
758,Feb-2026,Senior/Pensioner,Sydney Metro,439654.0
759,Feb-2026,Sgl Trip Rail Adult,Sydney Metro,10550.0
760,Feb-2026,Sgl Trip Rail Child/Youth,Sydney Metro,9831.0
761,Feb-2026,UNKNOWN,Sydney Metro,0.0
762,Jan-2024,Adult,Sydney Metro,709668.0
763,Jan-2024,CTP,Sydney Metro,513632.0
764,Jan-2024,Child/Youth,Sydney Metro,154757.0
765,Jan-2024,Concession,Sydney Metro,85017.0
766,Jan-2024,Day Pass without SAF,Sydney Metro,21.0
767,Jan-2024,Employee,Sydney Metro,7591.0
768,Jan-2024,Free Travel,Sydney Metro,1225.0
769,Jan-2024,School Student,Sydney Metro,3283.0
770,Jan-2024,Senior/Pensioner,Sydney Metro,133813.0
771,Jan-2024,Sgl Trip Rail Adult,Sydney Metro,4333.0
772,Jan-2024,Sgl Trip Rail Child/Youth,Sydney Metro,7548.0
773,Jan-2024,UNKNOWN,Sydney Metro,7.0
774,Jan-2025,Adult,Sydney Metro,1983876.0
775,Jan-2025,CTP,Sydney Metro,2089650.0
776,Jan-2025,Child/Youth,Sydney Metro,312251.0
777,Jan-2025,Concession,Sydney Metro,231873.0
778,Jan-2025,Day Pass Child/Youth w/o SAF,Sydney Metro,0.0
779,Jan-2025,Day Pass without SAF,Sydney Metro,38.0
780,Jan-2025,Employee,Sydney Metro,36203.0
781,Jan-2025,Free Travel,Sydney Metro,5025.0
782,Jan-2025,School Student,Sydney Metro,3243.0
783,Jan-2025,Senior/Pensioner,Sydney Metro,422771.0
784,Jan-2025,Sgl Trip Rail Adult,Sydney Metro,12779.0
785,Jan-2025,Sgl Trip Rail Child/Youth,Sydney Metro,19321.0
786,Jan-2025,UNKNOWN,Sydney Metro,3.0
787,Jan-2026,Adult,Sydney Metro,1813157.0
788,Jan-2026,CTP,Sydney Metro,2172549.0
789,Jan-2026,Child/Youth,Sydney Metro,292025.0
790,Jan-2026,Concession,Sydney Metro,218331.0
791,Jan-2026,Day Pass without SAF,Sydney Metro,46.0
792,Jan-2026,Employee,Sydney Metro,41251.0
793,Jan-2026,Free Travel,Sydney Metro,4727.0
794,Jan-2026,School Student,Sydney Metro,16427.0
795,Jan-2026,Senior/Pensioner,Sydney Metro,419189.0
796,Jan-2026,Sgl Trip Rail Adult,Sydney Metro,10846.0
797,Jan-2026,Sgl Trip Rail Child/Youth,Sydney Metro,17327.0
798,Jan-2026,UNKNOWN,Sydney Metro,5.0
799,Jul-2024,Adult,Sydney Metro,901463.0
800,Jul-2024,CTP,Sydney Metro,662892.0
801,Jul-2024,Child/Youth,Sydney Metro,142086.0
802,Jul-2024,Concession,Sydney Metro,152740.0
803,Jul-2024,Day Pass Child/Youth w/o SAF,Sydney Metro,0.0
804,Jul-2024,Day Pass without SAF,Sydney Metro,24.0
805,Jul-2024,Employee,Sydney Metro,10149.0
806,Jul-2024,Free Travel,Sydney Metro,1893.0
807,Jul-2024,School Student,Sydney Metro,93030.0
808,Jul-2024,Senior/Pensioner,Sydney Metro,161932.0
809,Jul-2024,Sgl Trip Rail Adult,Sydney Metro,4326.0
810,Jul-2024,Sgl Trip Rail Child/Youth,Sydney Metro,7561.0
811,Jul-2024,UNKNOWN,Sydney Metro,9.0
812,Jul-2025,Adult,Sydney Metro,2330434.0
813,Jul-2025,CTP,Sydney Metro,2469037.0
814,Jul-2025,Child/Youth,Sydney Metro,298231.0
815,Jul-2025,Concession,Sydney Metro,352254.0
816,Jul-2025,Day Pass Child/Youth w/o SAF,Sydney Metro,2.0
817,Jul-2025,Day Pass without SAF,Sydney Metro,59.0
818,Jul-2025,Employee,Sydney Metro,49036.0
819,Jul-2025,Free Travel,Sydney Metro,6040.0
820,Jul-2025,School Student,Sydney Metro,154797.0
821,Jul-2025,Senior/Pensioner,Sydney Metro,478763.0
822,Jul-2025,Sgl Trip Rail Adult,Sydney Metro,11897.0
823,Jul-2025,Sgl Trip Rail Child/Youth,Sydney Metro,18890.0
824,Jul-2025,UNKNOWN,Sydney Metro,0.0
825,Jul-2026,Adult,Sydney Metro,2140730.0
826,Jul-2026,CTP,Sydney Metro,2678194.0
827,Jul-2026,Child/Youth,Sydney Metro,256270.0
828,Jul-2026,Concession,Sydney Metro,359281.0
829,Jul-2026,Day Pass Child/Youth w/o SAF,Sydney Metro,4.0
830,Jul-2026,Day Pass without SAF,Sydney Metro,68.0
831,Jul-2026,Employee,Sydney Metro,49238.0
832,Jul-2026,Free Travel,Sydney Metro,5435.0
833,Jul-2026,School Student,Sydney Metro,188976.0
834,Jul-2026,Senior/Pensioner,Sydney Metro,499862.0
835,Jul-2026,Sgl Trip Rail Adult,Sydney Metro,9116.0
836,Jul-2026,Sgl Trip Rail Child/Youth,Sydney Metro,15054.0
837,Jul-2026,UNKNOWN,Sydney Metro,2.0
838,Jun-2024,Adult,Sydney Metro,771470.0
839,Jun-2024,CTP,Sydney Metro,572990.0
840,Jun-2024,Child/Youth,Sydney Metro,83790.0
841,Jun-2024,Concession,Sydney Metro,132073.0
842,Jun-2024,Day Pass without SAF,Sydney Metro,18.0
843,Jun-2024,Employee,Sydney Metro,9164.0
844,Jun-2024,Free Travel,Sydney Metro,1664.0
845,Jun-2024,School Student,Sydney Metro,161638.0
846,Jun-2024,Senior/Pensioner,Sydney Metro,141236.0
847,Jun-2024,Sgl Trip Rail Adult,Sydney Metro,3358.0
848,Jun-2024,Sgl Trip Rail Child/Youth,Sydney Metro,4427.0
849,Jun-2024,UNKNOWN,Sydney Metro,12.0
850,Jun-2025,Adult,Sydney Metro,2276887.0
851,Jun-2025,CTP,Sydney Metro,2485381.0
852,Jun-2025,Child/Youth,Sydney Metro,206625.0
853,Jun-2025,Concession,Sydney Metro,388646.0
854,Jun-2025,Day Pass Child/Youth w/o SAF,Sydney Metro,1.0
855,Jun-2025,Day Pass without SAF,Sydney Metro,39.0
856,Jun-2025,Employee,Sydney Metro,41684.0
857,Jun-2025,Free Travel,Sydney Metro,5500.0
858,Jun-2025,School Student,Sydney Metro,297686.0
859,Jun-2025,Senior/Pensioner,Sydney Metro,469014.0
860,Jun-2025,Sgl Trip Rail Adult,Sydney Metro,10012.0
861,Jun-2025,Sgl Trip Rail Child/Youth,Sydney Metro,13251.0
862,Jun-2025,UNKNOWN,Sydney Metro,2.0
863,Jun-2026,Adult,Sydney Metro,2127413.0
864,Jun-2026,CTP,Sydney Metro,2680620.0
865,Jun-2026,Child/Youth,Sydney Metro,174708.0
866,Jun-2026,Concession,Sydney Metro,395694.0
867,Jun-2026,Day Pass Child/Youth w/o SAF,Sydney Metro,23.0
868,Jun-2026,Day Pass without SAF,Sydney Metro,62.0
869,Jun-2026,Employee,Sydney Metro,51353.0
870,Jun-2026,Free Travel,Sydney Metro,5444.0
871,Jun-2026,School Student,Sydney Metro,359868.0
872,Jun-2026,Senior/Pensioner,Sydney Metro,492403.0
873,Jun-2026,Sgl Trip Rail Adult,Sydney Metro,8505.0
874,Jun-2026,Sgl Trip Rail Child/Youth,Sydney Metro,11550.0
875,Jun-2026,UNKNOWN,Sydney Metro,0.0
876,Mar-2024,Adult,Sydney Metro,814420.0
877,Mar-2024,CTP,Sydney Metro,607774.0
878,Mar-2024,Child/Youth,Sydney Metro,75289.0
879,Mar-2024,Concession,Sydney Metro,229800.0
880,Mar-2024,Day Pass without SAF,Sydney Metro,5.0
881,Mar-2024,Employee,Sydney Metro,7997.0
882,Mar-2024,Free Travel,Sydney Metro,1436.0
883,Mar-2024,School Student,Sydney Metro,166075.0
884,Mar-2024,Senior/Pensioner,Sydney Metro,134825.0
885,Mar-2024,Sgl Trip Rail Adult,Sydney Metro,3622.0
886,Mar-2024,Sgl Trip Rail Child/Youth,Sydney Metro,3234.0
887,Mar-2024,UNKNOWN,Sydney Metro,19.0
888,Mar-2025,Adult,Sydney Metro,2290011.0
889,Mar-2025,CTP,Sydney Metro,2452600.0
890,Mar-2025,Child/Youth,Sydney Metro,194647.0
891,Mar-2025,Concession,Sydney Metro,552650.0
892,Mar-2025,Day Pass without SAF,Sydney Metro,58.0
893,Mar-2025,Employee,Sydney Metro,38131.0
894,Mar-2025,Free Travel,Sydney Metro,5294.0
895,Mar-2025,School Student,Sydney Metro,305625.0
896,Mar-2025,Senior/Pensioner,Sydney Metro,429627.0
897,Mar-2025,Sgl Trip Rail Adult,Sydney Metro,10874.0
898,Mar-2025,Sgl Trip Rail Child/Youth,Sydney Metro,11210.0
899,Mar-2025,UNKNOWN,Sydney Metro,6.0
900,Mar-2026,Adult,Sydney Metro,2250972.0
901,Mar-2026,CTP,Sydney Metro,2766936.0
902,Mar-2026,Child/Youth,Sydney Metro,164789.0
903,Mar-2026,Concession,Sydney Metro,582212.0
904,Mar-2026,Day Pass Child/Youth w/o SAF,Sydney Metro,1.0
905,Mar-2026,Day Pass without SAF,Sydney Metro,47.0
906,Mar-2026,Employee,Sydney Metro,51862.0
907,Mar-2026,Free Travel,Sydney Metro,5952.0
908,Mar-2026,School Student,Sydney Metro,376941.0
909,Mar-2026,Senior/Pensioner,Sydney Metro,478220.0
910,Mar-2026,Sgl Trip Rail Adult,Sydney Metro,9476.0
911,Mar-2026,Sgl Trip Rail Child/Youth,Sydney Metro,10144.0
912,Mar-2026,UNKNOWN,Sydney Metro,0.0
913,May-2024,Adult,Sydney Metro,903122.0
914,May-2024,CTP,Sydney Metro,683398.0
915,May-2024,Child/Youth,Sydney Metro,71908.0
916,May-2024,Concession,Sydney Metro,210095.0
917,May-2024,Day Pass Child/Youth w/o SAF,Sydney Metro,30.0
918,May-2024,Day Pass without SAF,Sydney Metro,7.0
919,May-2024,Employee,Sydney Metro,10120.0
920,May-2024,Free Travel,Sydney Metro,1757.0
921,May-2024,School Student,Sydney Metro,197562.0
922,May-2024,Senior/Pensioner,Sydney Metro,149711.0
923,May-2024,Sgl Trip Rail Adult,Sydney Metro,3640.0
924,May-2024,Sgl Trip Rail Child/Youth,Sydney Metro,3880.0
925,May-2024,UNKNOWN,Sydney Metro,18.0
926,May-2025,Adult,Sydney Metro,2328312.0
927,May-2025,CTP,Sydney Metro,2526395.0
928,May-2025,Child/Youth,Sydney Metro,182351.0
929,May-2025,Concession,Sydney Metro,464540.0
930,May-2025,Day Pass Child/Youth w/o SAF,Sydney Metro,1.0
931,May-2025,Day Pass without SAF,Sydney Metro,59.0
932,May-2025,Employee,Sydney Metro,39705.0
933,May-2025,Free Travel,Sydney Metro,5413.0
934,May-2025,School Student,Sydney Metro,316914.0
935,May-2025,Senior/Pensioner,Sydney Metro,438988.0
936,May-2025,Sgl Trip Rail Adult,Sydney Metro,9825.0
937,May-2025,Sgl Trip Rail Child/Youth,Sydney Metro,11854.0
938,May-2025,UNKNOWN,Sydney Metro,0.0
939,May-2026,Adult,Sydney Metro,2160024.0
940,May-2026,CTP,Sydney Metro,2723634.0
941,May-2026,Child/Youth,Sydney Metro,162653.0
942,May-2026,Concession,Sydney Metro,483416.0
943,May-2026,Day Pass Child/Youth w/o SAF,Sydney Metro,76.0
944,May-2026,Day Pass without SAF,Sydney Metro,63.0
945,May-2026,Employee,Sydney Metro,50315.0
946,May-2026,Free Travel,Sydney Metro,5669.0
947,May-2026,School Student,Sydney Metro,367476.0
948,May-2026,Senior/Pensioner,Sydney Metro,474534.0
949,May-2026,Sgl Trip Rail Adult,Sydney Metro,8916.0
950,May-2026,Sgl Trip Rail Child/Youth,Sydney Metro,11265.0
951,May-2026,UNKNOWN,Sydney Metro,0.0
952,Nov-2024,Adult,Sydney Metro,2111843.0
953,Nov-2024,CTP,Sydney Metro,2174210.0
954,Nov-2024,Child/Youth,Sydney Metro,169916.0
955,Nov-2024,Concession,Sydney Metro,298978.0
956,Nov-2024,Day Pass Child/Youth w/o SAF,Sydney Metro,0.0
957,Nov-2024,Day Pass without SAF,Sydney Metro,33.0
958,Nov-2024,Employee,Sydney Metro,29375.0
959,Nov-2024,Free Travel,Sydney Metro,5049.0
960,Nov-2024,School Student,Sydney Metro,254257.0
961,Nov-2024,Senior/Pensioner,Sydney Metro,406179.0
962,Nov-2024,Sgl Trip Rail Adult,Sydney Metro,10782.0
963,Nov-2024,Sgl Trip Rail Child/Youth,Sydney Metro,9816.0
964,Nov-2024,UNKNOWN,Sydney Metro,8.0
965,Nov-2025,Adult,Sydney Metro,2115731.0
966,Nov-2025,CTP,Sydney Metro,2426942.0
967,Nov-2025,Child/Youth,Sydney Metro,161004.0
968,Nov-2025,Concession,Sydney Metro,344667.0
969,Nov-2025,Day Pass Child/Youth w/o SAF,Sydney Metro,24.0
970,Nov-2025,Day Pass without SAF,Sydney Metro,93.0
971,Nov-2025,Employee,Sydney Metro,43581.0
972,Nov-2025,Free Travel,Sydney Metro,5636.0
973,Nov-2025,School Student,Sydney Metro,299528.0
974,Nov-2025,Senior/Pensioner,Sydney Metro,436174.0
975,Nov-2025,Sgl Trip Rail Adult,Sydney Metro,10121.0
976,Nov-2025,Sgl Trip Rail Child/Youth,Sydney Metro,9849.0
977,Nov-2025,UNKNOWN,Sydney Metro,9.0
978,Oct-2024,Adult,Sydney Metro,2269269.0
979,Oct-2024,CTP,Sydney Metro,2297415.0
980,Oct-2024,Child/Youth,Sydney Metro,247324.0
981,Oct-2024,Concession,Sydney Metro,419413.0
982,Oct-2024,Day Pass without SAF,Sydney Metro,74.0
983,Oct-2024,Employee,Sydney Metro,31269.0
984,Oct-2024,Free Travel,Sydney Metro,5040.0
985,Oct-2024,School Student,Sydney Metro,170906.0
986,Oct-2024,Senior/Pensioner,Sydney Metro,442111.0
987,Oct-2024,Sgl Trip Rail Adult,Sydney Metro,10752.0
988,Oct-2024,Sgl Trip Rail Child/Youth,Sydney Metro,13969.0
989,Oct-2024,UNKNOWN,Sydney Metro,7.0
990,Oct-2025,Adult,Sydney Metro,2382375.0
991,Oct-2025,CTP,Sydney Metro,2709797.0
992,Oct-2025,Child/Youth,Sydney Metro,263159.0
993,Oct-2025,Concession,Sydney Metro,474511.0
994,Oct-2025,Day Pass Child/Youth w/o SAF,Sydney Metro,19.0
995,Oct-2025,Day Pass without SAF,Sydney Metro,92.0
996,Oct-2025,Employee,Sydney Metro,50164.0
997,Oct-2025,Free Travel,Sydney Metro,6469.0
998,Oct-2025,School Student,Sydney Metro,224158.0
999,Oct-2025,Senior/Pensioner,Sydney Metro,494168.0
1000,Oct-2025,Sgl Trip Rail Adult,Sydney Metro,12710.0
1001,Oct-2025,Sgl Trip Rail Child/Youth,Sydney Metro,16051.0
1002,Oct-2025,UNKNOWN,Sydney Metro,3.0
1003,Sep-2024,Adult,Sydney Metro,2030403.0
1004,Sep-2024,CTP,Sydney Metro,2007227.0
1005,Sep-2024,Child/Youth,Sydney Metro,170480.0
1006,Sep-2024,Concession,Sydney Metro,381654.0
1007,Sep-2024,Day Pass Child/Youth w/o SAF,Sydney Metro,6.0
1008,Sep-2024,Day Pass without SAF,Sydney Metro,60.0
1009,Sep-2024,Employee,Sydney Metro,29372.0
1010,Sep-2024,Free Travel,Sydney Metro,5207.0
1011,Sep-2024,School Student,Sydney Metro,258776.0
1012,Sep-2024,Senior/Pensioner,Sydney Metro,432098.0
1013,Sep-2024,Sgl Trip Rail Adult,Sydney Metro,9275.0
1014,Sep-2024,Sgl Trip Rail Child/Youth,Sydney Metro,10060.0
1015,Sep-2024,UNKNOWN,Sydney Metro,4.0
1016,Sep-2025,Adult,Sydney Metro,2296600.0
1017,Sep-2025,CTP,Sydney Metro,2528151.0
1018,Sep-2025,Child/Youth,Sydney Metro,182816.0
1019,Sep-2025,Concession,Sydney Metro,450671.0
1020,Sep-2025,Day Pass Child/Youth w/o SAF,Sydney Metro,1.0
1021,Sep-2025,Day Pass without SAF,Sydney Metro,68.0
1022,Sep-2025,Employee,Sydney Metro,47817.0
1023,Sep-2025,Free Travel,Sydney Metro,5719.0
1024,Sep-2025,School Student,Sydney Metro,320891.0
1025,Sep-2025,Senior/Pensioner,Sydney Metro,459508.0
1026,Sep-2025,Sgl Trip Rail Adult,Sydney Metro,9873.0
1027,Sep-2025,Sgl Trip Rail Child/Youth,Sydney Metro,11234.0
1028,Sep-2025,UNKNOWN,Sydney Metro,0.0
